temperature,moyenne_aimantation,erreur_aimantation,t_corr_aimantation,moyenne_energie,erreur_energie,t_corr_energie
4.0,11.3671875,6.373037378675691,0.970369672999605,-564.34375,3.3786516657348704,0.06511172177214086
