temperature,moyenne_aimantation,erreur_aimantation,t_corr_aimantation,moyenne_energie,erreur_energie,t_corr_energie
4.0,0.4000244140625,0.5900933136625579,2.1160108623379053,-570.5157470703125,0.2558388437741545,0.2733556859461683
3.9,0.54852294921875,0.7960851136676849,3.949096067670788,-588.3069458007812,0.30293298262579843,0.5517295158755604
